name,credit,department,language,charge
5G / 6G Software Networks,6,34335400 FG S-Professur Architekturen der Vermittlungsknoten,en,"Magedanz, Thomas"
5G Evolution / 6G Project,9,34335400 FG S-Professur Architekturen der Vermittlungsknoten,en,"Magedanz, Thomas"
Acquisition and Analysis of Neural Data,12,34351300 FG Neuronale Informationsverarbeitung,en,"Obermayer, Klaus"
Advanced Algorithmics,9,34351100 FG Algorithmik und Komplexitätstheorie,en,"Nichterlein, André"
Advanced Analog Integrated Circuits and Systems (AAIC) (12 LP),12,34341200 FG Mixed Signal Circuit Design,de,"Gerfers, Friedel"
Advanced Blockchain Prototyping,12,34361400 FG Wirtschaftsinformatik - Information Systems Engineering (ISE),en,"Tai, Stefan"
Advanced Cloud Prototyping,12,34361400 FG Wirtschaftsinformatik - Information Systems Engineering (ISE),en,"Tai, Stefan"
Advanced Computer Architecture,6,34341400 FG Architektur eingebetteter Systeme,en,"Juurlink, Bernardus"
Advanced Distributed Systems Prototyping,12,34361700 FG Scalable Software Systems,en,"Bermbach, David"
Advanced Media Technologies,12,34332300 FG Open Distributed Systems (ODS),en,"Hauswirth, Manfred"
Advanced Privacy Prototyping,12,34361400 FG Wirtschaftsinformatik - Information Systems Engineering (ISE),en,"Pallas, Frank"
Advanced Python Programming for Deep Learning in Earth Observation,9,34342200 FG Remote Sensing Image Analysis,en,"Demir, Begüm"
Advanced Topics in Networked and Distributed Systems,3,34331700 FG Intelligent Networks and Management of Distributed Systems (INET),en,"Schmid, Stefan"
Advanced Topics in Scalable Software Systems,3,34361700 FG Scalable Software Systems,en,"Bermbach, David"
Advanced Wireless Communications,6,34331600 FG Theoretische Grundlagen der Kommunikationstechnik,en,"Caire, Giuseppe"
Adversarial Machine Learning,6,34353000 FG Maschinelles Lernen und IT-Sicherheit,en,"Rieck, Konrad"
AES Bachelor-Projekt,6,34341400 FG Architektur eingebetteter Systeme,de,"Juurlink, Bernardus"
Agent Competition: RoboCup,6,34361200 FG Agententechnologien in betrieblichen Anwendungen und der Telekommunikation (AOT),en,"Albayrak, Sahin"
Agententechnologien: Grundlagen und Anwendungen,6,34361200 FG Agententechnologien in betrieblichen Anwendungen und der Telekommunikation (AOT),de,"Albayrak, Sahin"
AI and Cybersecurity,6,34361200 FG Agententechnologien in betrieblichen Anwendungen und der Telekommunikation (AOT),en,"Albayrak, Sahin"
AI and Robotics: Lab Course,6,34342100 FG Intelligent Systems,en,"Toussaint, Marc"
AI and Robotics: Research,3,34342100 FG Intelligent Systems,en,"Toussaint, Marc"
AI Engineering of Nanonetworks,6,34331200 FG Telekommunikationsnetze,en,"Dressler, Falko"
Aktuelle Forschung an Energiewandlern und Energiespeichern,3,34312100 FG Elektrische Energiespeichertechnik (EET),de,"Kowal, Julia"
Aktuelle Forschung in KI & Robotik,3,34342100 FG Intelligent Systems,de,"Toussaint, Marc"
Aktuelle Themen der Algorithmik,3,34351100 FG Algorithmik und Komplexitätstheorie,de,"Nichterlein, André"
Aktuelle Themen in visueller Wahrnehmungsforschung,3,34341900 FG Computational Psychology,de,"Maertens, Marianne"
Aktuelle Themen zu eingebetteten Systemen,3,34341400 FG Architektur eingebetteter Systeme,de,"Juurlink, Bernardus"
Aktuelle Themen zu Software and Embedded Systems Engineering,3,34351800 FG Software and Embedded Systems Engineering (SESE),de,"Glesner, Sabine"
Algebraic Graph Theory,6,34352200 FG Logik und Semantik,en,"Kreutzer, Stephan"
Algebraic Process Calculi,6,34351900 FG Modelle und Theorie Verteilter Systeme (MTV),en,"Nestmann, Uwe"
Algorithm Engineering II,9,34351100 FG Algorithmik und Komplexitätstheorie,de,"Nichterlein, André"
Algorithmentheorie,6,34351100 FG Algorithmik und Komplexitätstheorie,de,"Nichterlein, André"
Algorithmen und Datenstrukturen,6,34355200 FG S-Professur Neurotechnologie,de,"Blankertz, Benjamin"
Algorithmic Graph Structure Theory,9,34352200 FG Logik und Semantik,en,"Kreutzer, Stephan"
Algorithmic Research in Teams,9,34351100 FG Algorithmik und Komplexitätstheorie,en,"Nichterlein, André"
Algorithmics for Discrete Data Science,6,34351100 FG Algorithmik und Komplexitätstheorie,en,"Nichterlein, André"
Algorithmische Graphentheorie,6,34352200 FG Logik und Semantik,en,"Kreutzer, Stephan"
Algorithms for Distributed Systems,6,34331700 FG Intelligent Networks and Management of Distributed Systems (INET),en,"Schmid, Stefan"
Algorithms for Networked Systems,6,34331700 FG Intelligent Networks and Management of Distributed Systems (INET),en,"Schmid, Stefan"
Ambient Assisted Living,6,34361200 FG Agententechnologien in betrieblichen Anwendungen und der Telekommunikation (AOT),de,"Albayrak, Sahin"
Analog Integrated Circuits (AIC),9,34341200 FG Mixed Signal Circuit Design,de,"Gerfers, Friedel"
Analog Layout Design,3,34341200 FG Mixed Signal Circuit Design,de,"Gerfers, Friedel"
"Analyse von (Online) Social Data: methodologische Herausforderungen, soziale Folgen und Grenzen",6,34332900 FG Internet und Gesellschaft,de,"Berendt, Bettina"
Analytik an Solarzellen,6,34325800 FG S-Professur Technologie für Dünnschicht-Bauelemente,de,"Boit, Christian"
Analytik an Solarzellen,6,34325800 FG S-Professur Technologie für Dünnschicht-Bauelemente,de,"Szyszka, Bernd"
Angewandte Feldtheorie,6,34321600 FG Theoretische Elektrotechnik,de,"Schuhmann, Rolf"
Angewandte Lichttechnik,6,34311500 FG Lichttechnik,de,"Völker, Stephan"
Angewandte Logiken,3,34352200 FG Logik und Semantik,de,"Kreutzer, Stephan"
Angewandte Netzwerktechnologien,6,34331200 FG Telekommunikationsnetze,de,"Dressler, Falko"
Ansätze der empirischen Mediennutzungsforschung,6,34355300 FG S-Professur Quality and Usability,de,"Möller, Sebastian"
Antennen und Funksysteme,6,34321200 FG Hochfrequenzsysteme,de,"Keusgen, Wilhelm"
Anwendungen in der Simulation und Technischen Diagnose,6,34311600 FG Elektronische Mess- und Diagnosetechnik,de,"Gühmann, Clemens"
Anwendungssysteme,6,34361700 FG Scalable Software Systems,de,"Tai, Stefan"
Application Design,9,34355300 FG S-Professur Quality and Usability,de,"Möller, Sebastian"
Applications of Robotics and Autonomous Systems,9,34361200 FG Agententechnologien in betrieblichen Anwendungen und der Telekommunikation (AOT),en,"Albayrak, Sahin"
Applied Artificial Intelligence Project,9,34361200 FG Agententechnologien in betrieblichen Anwendungen und der Telekommunikation (AOT),en,"Albayrak, Sahin"
Applied Computer Vision,6,34341600 FG Computer Vision and Remote Sensing,en,"Hellwich, Olaf"
Applied Embedded Systems Project,6,34341400 FG Architektur eingebetteter Systeme,en,"Juurlink, Bernardus"
Applied Networking Lab,9,34331700 FG Intelligent Networks and Management of Distributed Systems (INET),en,"Schmid, Stefan"
Applied Security Lab,6,34353000 FG Maschinelles Lernen und IT-Sicherheit,de,"Rieck, Konrad"
Architecture of Machine Learning Systems,6,34352900 FG Big Data Engineering,en,"Böhm, Matthias"
Architektur Eingebetteter Systeme,6,34341400 FG Architektur eingebetteter Systeme,de,"Juurlink, Bernardus"
Architektur von Anwendungssystemen,6,34361700 FG Scalable Software Systems,de,"Bermbach, David"
Assembly and Characterisation of Batteries,6,34312100 FG Elektrische Energiespeichertechnik (EET),en,"Kowal, Julia"
Aufbau integrierter Elektroniksysteme,6,34325000 FG Werkstoffe der hetero-Systemintegration,de,"Schneider-Ramelow, Martin"
Ausgewählte Kapitel aus dem Gebiet der Sensorik und Aktuatorik,3,34311700 FG Sensorik und Aktuatorik / Messtechnik,de,"Thewes, Roland"
Ausgewählte Kapitel der Elektrischen Antriebstechnik,12,34311100 FG Elektrische Antriebstechnik (EA),de,"Schäfer, Uwe"
Ausgewählte Themen zu Algorithmen und Datenstrukturen,3,34355200 FG S-Professur Neurotechnologie,de,"Blankertz, Benjamin"
Automatic Image Analysis,6,34341600 FG Computer Vision and Remote Sensing,en,"Hellwich, Olaf"
Bachelorarbeit Elektrotechnik,12,Fakultät IV,de,"Schäfer, Uwe"
Bachelorarbeit Elektrotechnik,12,Fakultät IV,de,"Kowal, Julia"
Bachelorarbeit Elektrotechnik StuPO 2015,12,Fakultät IV,de,"Schäfer, Uwe"
Bachelorarbeit Elektrotechnik StuPO 2015,12,Fakultät IV,de,"Kowal, Julia"
Bachelorarbeit Informatik,12,Fakultät IV,de,"Glesner, Sabine"
Bachelorarbeit Informatik StuPO 2015,12,Fakultät IV,de,"Glesner, Sabine"
Bachelorarbeit Medieninformatik,12,Fakultät IV,de,"Möller, Sebastian"
Bachelorarbeit Technische Informatik,12,34355300 FG S-Professur Quality and Usability,de,"Möller, Sebastian"
Bachelorarbeit Technische Informatik,12,34355300 FG S-Professur Quality and Usability,de,"Gerfers, Friedel"
Bachelorarbeit Technische Informatik StuPO 2015,12,Fakultät IV,de,"Möller, Sebastian"
Bachelorarbeit Technische Informatik StuPO 2015,12,Fakultät IV,de,"Gerfers, Friedel"
Bachelorarbeit Wirtschaftsinformatik,12,Fakultät IV,de,"Glesner, Sabine"
Bachelorarbeit Wirtschaftsinformatik StuPO 2015,12,Fakultät IV,de,"Glesner, Sabine"
Bachelor Seminar: Operating Complex IT-Systems,3, 34331500 FG Distributed and Operating Systems (DOS),en,"Kao, Odej"
Bachelor’s Thesis Colloquium in Computational Psychology,3,34341900 FG Computational Psychology,de,"Maertens, Marianne"
Bachelor’s Thesis Colloquium in Data Management Systems,3,34351500 FG Datenbanksysteme und Informationsmanagement (DIMA),en,"Markl, Volker"
Bahnsysteme und ihre Energieversorgung,6,34312100 FG Elektrische Energiespeichertechnik (EET),de,"Kowal, Julia"
BDASEM Big Data Analytics Seminar,3,34351500 FG Datenbanksysteme und Informationsmanagement (DIMA),en,"Markl, Volker"
BDSPRO Big Data Systems Project,9,34351500 FG Datenbanksysteme und Informationsmanagement (DIMA),en,"Markl, Volker"
Beleuchtungstechnik,6,34311500 FG Lichttechnik,de,"Völker, Stephan"
Berechenbarkeit und Komplexität,6,34351100 FG Algorithmik und Komplexitätstheorie,de,"Nichterlein, André"
Berufspraktikum I,5,34355300 FG S-Professur Quality and Usability,de,"Möller, Sebastian"
Berufspraktikum II,10,34355300 FG S-Professur Quality and Usability,de,"Möller, Sebastian"
Berufspraktikum III,15,34355300 FG S-Professur Quality and Usability,de,"Möller, Sebastian"
Berufspraktikum M.Sc. Elektrotechnik StuPO 2015,12,Fakultät IV,de,"Thewes, Roland"
Betrieb elektrischer Energienetze (3LP),3,34311300 FG Hochspannungstechnik,de,"Plath, Ronald"
Betriebsmittel hochspannungstechnischer Anlagen,3,34311300 FG Hochspannungstechnik,de,"Plath, Ronald"
Betriebssystempraktikum,6,34355100 FG S-Professur Security in Telecommunications (SecT),de,"Seifert, Jean-Pierre"
Bildbasierte Blutflusssimulation für die Medizin,9,Fakultät IV,de,"Hennemuth, Anja"
Bio-inspired Computer Vision,9,34341900 FG Computational Psychology,en,"Maertens, Marianne"
Biometric Identification,3,34355300 FG S-Professur Quality and Usability,de,"Möller, Sebastian"
Blockchain Prototyping,12,34361400 FG Wirtschaftsinformatik - Information Systems Engineering (ISE),en,"Tai, Stefan"
Blockchain Technology and Decentralized Applications,6,34331700 FG Intelligent Networks and Management of Distributed Systems (INET),en,"Schmid, Stefan"
Brain-Computer Interfacing,9,34355200 FG S-Professur Neurotechnologie,en,"Blankertz, Benjamin"
Brain-Computer Interfacing (basic),6,34355200 FG S-Professur Neurotechnologie,en,"Blankertz, Benjamin"
Cloud Computing,6, 34331500 FG Distributed and Operating Systems (DOS),en,"Kao, Odej"
Cloud Native Architecture and Engineering,6,34361400 FG Wirtschaftsinformatik - Information Systems Engineering (ISE),en,"Tai, Stefan"
Cloud Prototyping,12,34361400 FG Wirtschaftsinformatik - Information Systems Engineering (ISE),en,"Tai, Stefan"
Cloud Service Benchmarking,6,34361700 FG Scalable Software Systems,en,"Bermbach, David"
CMOS Biosensors,6,34311700 FG Sensorik und Aktuatorik / Messtechnik,en,"Thewes, Roland"
Communication acoustics,6,34355300 FG S-Professur Quality and Usability,en,"Möller, Sebastian"
Compiler Design,6,34341400 FG Architektur eingebetteter Systeme,en,"Juurlink, Bernardus"
Compiling Techniques,6,34353200 FG Programmiersprachen,en,"Steuwer, Michel"
Computational Complexity,9,34351100 FG Algorithmik und Komplexitätstheorie,en,"Nichterlein, André"
Computational Materials Design,6,34321400 FG Halbleiterbauelemente und Mikroelektroniksysteme,en,"Jadaun, Priyamvada"
Computational modeling - A practical course,3,34352100 FG Modellierung kognitiver Prozesse,en,"Sprekeler, Henning"
Computational Model Theory,9,34352200 FG Logik und Semantik,en,"Kreutzer, Stephan"
Computer Arithmetic: Circuit Perspective,6,34341400 FG Architektur eingebetteter Systeme,de,"Juurlink, Bernardus"
Computer Graphics I (Fundamentals),6,34341300 FG Computer Graphics,en,"Alexa, Marc"
Computer Graphics II (Geometric Modeling),6,34341300 FG Computer Graphics,en,"Alexa, Marc"
Computer Graphics Project,9,34341300 FG Computer Graphics,en,"Alexa, Marc"
Computer Graphics Seminar A,3,34341300 FG Computer Graphics,en,"Alexa, Marc"
Computer Graphics Seminar B,3,34341300 FG Computer Graphics,en,"Alexa, Marc"
"Computer Modeling, Simulation, and Control of Renewable Energy Systems",6,34312000 FG Energieversorgungsnetze und Integration Erneuerbarer Energien (SENSE),en,"Strunz, Kai"
Computer Security - Big Project,9,34355100 FG S-Professur Security in Telecommunications (SecT),en,"Seifert, Jean-Pierre"
Computer Security - Seminar,3,34355100 FG S-Professur Security in Telecommunications (SecT),en,"Seifert, Jean-Pierre"
Computer Security - Small Project,6,34355100 FG S-Professur Security in Telecommunications (SecT),en,"Seifert, Jean-Pierre"
Computer-Supported Interaction,3,34355300 FG S-Professur Quality and Usability,en,"Möller, Sebastian"
Continuous Software Engineering,6,34361400 FG Wirtschaftsinformatik - Information Systems Engineering (ISE),en,"Tai, Stefan"
Control of Smart Sensor Systems,6,34311700 FG Sensorik und Aktuatorik / Messtechnik,en,"Thewes, Roland"
Cryptography,9,34355100 FG S-Professur Security in Telecommunications (SecT),en,"Seifert, Jean-Pierre"
Current Developments in Internet and Society,3,34332900 FG Internet und Gesellschaft,en,"Berendt, Bettina"
Current Research in Algorithms and Complexity,3,34351100 FG Algorithmik und Komplexitätstheorie,en,"Nichterlein, André"
Current Topics in Computational Neuroscience,3,34352100 FG Modellierung kognitiver Prozesse,en,"Sprekeler, Henning"
Current Topics in Cryptocurrency and Blockchain Networks,3,34331700 FG Intelligent Networks and Management of Distributed Systems (INET),en,"Schmid, Stefan"
Current Topics in Embodied Intelligence,3,34341700 FG Robotik | Robotics and Biology Laboratory,en,"Brock, Oliver"
Current trends in graph theory and combinatorics,3,34352200 FG Logik und Semantik,en,"Kreutzer, Stephan"
Database Systems and Information Management Research Colloquium,2,34351500 FG Datenbanksysteme und Informationsmanagement (DIMA),en,"Markl, Volker"
Datacenter Networking and Software-Defined Networks,6,34331700 FG Intelligent Networks and Management of Distributed Systems (INET),en,"Schmid, Stefan"
Data Integration: Algorithms and Systems,6,34353400 FG Data Integration and Data Preparation,en,"Abedjan, Ziawasch"
Data Integration and Large-scale Analysis,6,34352900 FG Big Data Engineering,en,"Böhm, Matthias"
Data Integration Seminar,3,34353400 FG Data Integration and Data Preparation,en,"Abedjan, Ziawasch"
Data Science for Cognitive Neuroscience,6,34353100 FG Sprache und Kommunikation in biologischen und künstlichen Systemen,en,"Deniz, Fatma"
Data Science for Computer Scientists,6,34353400 FG Data Integration and Data Preparation,en,"Abedjan, Ziawasch"
Data Science Project,9,34361200 FG Agententechnologien in betrieblichen Anwendungen und der Telekommunikation (AOT),en,"Albayrak, Sahin"
Data Visualization,5,34355300 FG S-Professur Quality and Usability,de,"Möller, Sebastian"
Datenkompression,6,34331100 FG Nachrichtenübertragung,de,"Sikora, Thomas"
DBPRA Database Practical Hands-on Training,6,34351500 FG Datenbanksysteme und Informationsmanagement (DIMA),en,"Markl, Volker"
DBSEM - Seminar on Advanced Topics in Database and Information Systems,3,34351500 FG Datenbanksysteme und Informationsmanagement (DIMA),en,"Markl, Volker"
DBT Database Technology,6,34351500 FG Datenbanksysteme und Informationsmanagement (DIMA),en,"Markl, Volker"
DBTLAB Database Technology Lab,6,34351500 FG Datenbanksysteme und Informationsmanagement (DIMA),en,"Markl, Volker"
DCAITI: Projekt Simulation Vertiefung vernetztes und automatisiertes Fahren,9,34332300 FG Open Distributed Systems (ODS),de,"Hauswirth, Manfred"
DCAITI: Projekt vernetztes und automatisiertes Fahren,6,34332300 FG Open Distributed Systems (ODS),de,"Hauswirth, Manfred"
DCAITI: Projekt Vertiefung vernetztes und automatisiertes Fahren,9,34332300 FG Open Distributed Systems (ODS),de,"Hauswirth, Manfred"
DCAITI: Simulation vernetztes und automatisiertes Fahren,6,34332300 FG Open Distributed Systems (ODS),de,"Hauswirth, Manfred"
DCAITI: Vernetztes und automatisiertes Fahren,6,34332300 FG Open Distributed Systems (ODS),de,"Hauswirth, Manfred"
Debug und Analyse von Halbleiterbauelementen,6,34311700 FG Sensorik und Aktuatorik / Messtechnik,de,"Thewes, Roland"
Deep Learning 1,6,34352000 FG Maschinelles Lernen,en,"Montavon, Gregoire"
Deep Learning 1-X,9,34352000 FG Maschinelles Lernen,en,"Montavon, Gregoire"
Deep Learning 2,6,34352000 FG Maschinelles Lernen,en,"Müller, Klaus-Robert"
Deep Learning 2-X,9,34352000 FG Maschinelles Lernen,en,"Müller, Klaus-Robert"
Dependable Embedded Systems,6,34355100 FG S-Professur Security in Telecommunications (SecT),en,"Seifert, Jean-Pierre"
Digital Communities - Digital Identities and Privacy,6,34335700 FG S-Professur Service Centric Networking (SNET),en,"Küpper, Axel"
Digitale Nachrichtenübertragung,6,34331100 FG Nachrichtenübertragung,de,"Sikora, Thomas"
Digitale Nachrichtenübertragung - Vertiefung,6,34331100 FG Nachrichtenübertragung,de,"Sikora, Thomas"
Digitale Systeme,6,34355300 FG S-Professur Quality and Usability,de,"Möller, Sebastian"
Digital Image Processing,6,34341600 FG Computer Vision and Remote Sensing,en,"Hellwich, Olaf"
Digital Integrated Circuits (DIC),6,34341200 FG Mixed Signal Circuit Design,de,"Gerfers, Friedel"
"Digital Value Networks - Electronic Commerce, Digital Identities, and Privacy",9,34335700 FG S-Professur Service Centric Networking (SNET),en,"Küpper, Axel"
Digital Value Networks - Electronic Commerce and Digital Identities,6,34335700 FG S-Professur Service Centric Networking (SNET),en,"Küpper, Axel"
Digital Value Networks - Electronic Commerce and Privacy,6,34335700 FG S-Professur Service Centric Networking (SNET),en,"Küpper, Axel"
Digraph Structure Theory II,6,34352200 FG Logik und Semantik,en,"Kreutzer, Stephan"
Discrete Event Systems,6,34311800 FG Regelungssysteme (Control Systems),en,"Raisch, Jörg"
Diskrete Strukturen,6,34352200 FG Logik und Semantik,de,"Kreutzer, Stephan"
Distributed Systems Prototyping,12,34361700 FG Scalable Software Systems,en,"Bermbach, David"
DMH Data Management on Modern Hardware,6,34351500 FG Datenbanksysteme und Informationsmanagement (DIMA),en,"Markl, Volker"
DSPRO Datensystemeprojekt,6,34351500 FG Datenbanksysteme und Informationsmanagement (DIMA),de,"Markl, Volker"
Dünnschichtsolarzellen und neue Konzepte,6,34325400 FG S-Professur Photovoltaik,,"Rech, Bernd"
DW Data Warehousing and Business Intelligence,6,34351500 FG Datenbanksysteme und Informationsmanagement (DIMA),en,"Markl, Volker"
EDML - Engineering Data for Machine Learning,6,34353500 FG Management von Data Science-Prozessen,en,"Schelter, Sebastian"
Einführung in die Automobilelektronik,6,34311600 FG Elektronische Mess- und Diagnosetechnik,de,"Gühmann, Clemens"
Einführung in die Informatik,6,34351300 FG Neuronale Informationsverarbeitung,de,"Obermayer, Klaus"
Einführung in die Informatik - Vertiefung,6,34351300 FG Neuronale Informationsverarbeitung,de,"Obermayer, Klaus"
Einführung in die IT-Sicherheit,3,34355100 FG S-Professur Security in Telecommunications (SecT),de,"Seifert, Jean-Pierre"
Einführung in die Künstliche Intelligenz,6,34342100 FG Intelligent Systems,de,"Toussaint, Marc"
Einführung in die Lichttechnik,6,34311500 FG Lichttechnik,de,"Völker, Stephan"
Einführung in die Medieninformatik,6,34355300 FG S-Professur Quality and Usability,de,"Möller, Sebastian"
Einführung in die numerische Feldberechnung,6,34321600 FG Theoretische Elektrotechnik,de,"Schuhmann, Rolf"
Einführung in die Programmierung,6,34332300 FG Open Distributed Systems (ODS),de,"Hauswirth, Manfred"
Einführung in die Programmierung mit Java,6,34361700 FG Scalable Software Systems,de,"Bermbach, David"
Einführung in die Steuerung und Regelung von Kfz-Antriebssträngen,6,34311600 FG Elektronische Mess- und Diagnosetechnik,de,"Gühmann, Clemens"
Einführung Photovoltaik,6,34325400 FG S-Professur Photovoltaik,,"Rech, Bernd"
Electric Energy Networks,12,34312000 FG Energieversorgungsnetze und Integration Erneuerbarer Energien (SENSE),en,"Strunz, Kai"
Elektrische Antriebe,6,34311100 FG Elektrische Antriebstechnik (EA),de,"Schäfer, Uwe"
Elektrische Antriebe für Straßenfahrzeuge,6,34311100 FG Elektrische Antriebstechnik (EA),de,"Schäfer, Uwe"
Elektrische Antriebe II,6,34311100 FG Elektrische Antriebstechnik (EA),de,"Schäfer, Uwe"
Elektrische Energiesysteme,6,34311100 FG Elektrische Antriebstechnik (EA),de,"Kowal, Julia"
Elektrische Isolierstoffe,3,34311300 FG Hochspannungstechnik,de,"Plath, Ronald"
Elektrische Maschinen,6,34311100 FG Elektrische Antriebstechnik (EA),de,"Schäfer, Uwe"
Elektrische Maschinen II,6,34311100 FG Elektrische Antriebstechnik (EA),de,"Schäfer, Uwe"
Elektrische Netzwerke,6,34312000 FG Energieversorgungsnetze und Integration Erneuerbarer Energien (SENSE),de,"Strunz, Kai"
Elektromagnetische Felder,6,34321600 FG Theoretische Elektrotechnik,de,"Schuhmann, Rolf"
Elektromagnetische Feldsimulation,6,34321600 FG Theoretische Elektrotechnik,de,"Schuhmann, Rolf"
Elektromagnetische Wellen,6,34321600 FG Theoretische Elektrotechnik,de,"Schuhmann, Rolf"
Elektronik,6,34311900 FG Elektronische Systeme der Medizintechnik,de,"Kolossa, Dorothea"
Elektronik mit Praktikum,9,34311900 FG Elektronische Systeme der Medizintechnik,de,"Kolossa, Dorothea"
Elektronik und Mikroprozessortechnik,3,34311900 FG Elektronische Systeme der Medizintechnik,de,"Kolossa, Dorothea"
Elektronik und Signalverarbeitung,3,34311900 FG Elektronische Systeme der Medizintechnik,de,"Kolossa, Dorothea"
Embedded Systems Security Lab,6,34355100 FG S-Professur Security in Telecommunications (SecT),en,"Seifert, Jean-Pierre"
Energiespeichertechnologien für mobile Anwendungen,6,34312100 FG Elektrische Energiespeichertechnik (EET),de,"Kowal, Julia"
Energy Storage Technologies,6,34312100 FG Elektrische Energiespeichertechnik (EET),en,"Kowal, Julia"
Engineering of Digital Transformation,6,34361200 FG Agententechnologien in betrieblichen Anwendungen und der Telekommunikation (AOT),de,"Albayrak, Sahin"
Entwicklung verteilter eingebetteter Systeme,3,34351800 FG Software and Embedded Systems Engineering (SESE),de,"Glesner, Sabine"
Entwurf Analoger Integrierter Schaltungen,6,34341200 FG Mixed Signal Circuit Design,"de, en","Gerfers, Friedel"
Entwurf eingebetteter Systeme,9,34351800 FG Software and Embedded Systems Engineering (SESE),de,"Glesner, Sabine"
Ergänzung zur Optischen Nachrichtentechnik,6,34321100 FG Hochfrequenztechnik/Hochfrequenztechnik-Photonik,de,"Burla, Maurizio"
Ethical Issues and Implications for Society,3,34351300 FG Neuronale Informationsverarbeitung,en,"Obermayer, Klaus"
Event-based Robot Vision,6,34342000 FG Robotic Interactive Perception,en,"Gallego, Guillermo"
Event-based Robot Vision PROJECT,9,34342000 FG Robotic Interactive Perception,en,"Gallego, Guillermo"
Extremale Graphentheorie,6,34352200 FG Logik und Semantik,en,"Kreutzer, Stephan"
Fachpraktikum M. Sc. Computer Engineering StuPO 2015,12,Fakultät IV,de,"Thewes, Roland"
"Fairness, Accountability, and Transparency in Machine Learning",6,34332900 FG Internet und Gesellschaft,en,"Berendt, Bettina"
Flying Robots,9,34342300 FG Multi-Roboter-Systeme,en,"Hönig, Wolfgang"
Fog Computing,6,34361700 FG Scalable Software Systems,en,"Bermbach, David"
Formale Sprachen und Automaten,6,34351900 FG Modelle und Theorie Verteilter Systeme (MTV),de,"Nestmann, Uwe"
Forschungsseminar Data Integration and Data Preparation,3,34353400 FG Data Integration and Data Preparation,en,"Abedjan, Ziawasch"
Fortgeschrittene Programmierung mit Java,6,34335700 FG S-Professur Service Centric Networking (SNET),de,"Küpper, Axel"
Foundations of Data Literacy and Data Science,6,34353100 FG Sprache und Kommunikation in biologischen und künstlichen Systemen,en,"Deniz, Fatma"
Foundations of Data Science,6,34361200 FG Agententechnologien in betrieblichen Anwendungen und der Telekommunikation (AOT),en,"Albayrak, Sahin"
"Foundations of Statistical Inference, Detection, and Estimation",6,34331600 FG Theoretische Grundlagen der Kommunikationstechnik,en,"Caire, Giuseppe"
Foundations of Stochastic Processes,6,34331600 FG Theoretische Grundlagen der Kommunikationstechnik,en,"Caire, Giuseppe"
Fundamentals of Multi-Agent Technologies,6,34361200 FG Agententechnologien in betrieblichen Anwendungen und der Telekommunikation (AOT),en,"Albayrak, Sahin"
Funktionswerkstoffe der Elektrotechnik,3,34311300 FG Hochspannungstechnik,de,"Plath, Ronald"
Game Programming,9,34341300 FG Computer Graphics,en,"Alexa, Marc"
Game Theory,6,34352200 FG Logik und Semantik,"de, en","Kreutzer, Stephan"
Geschäftsprozesse,6,34335700 FG S-Professur Service Centric Networking (SNET),de,"Küpper, Axel"
Gestaltende Akustik,5,34355300 FG S-Professur Quality and Usability,de,"Möller, Sebastian"
GPU Computing,6,34353200 FG Programmiersprachen,en,"Steuwer, Michel"
Graduate Research Project DM I,6,34351500 FG Datenbanksysteme und Informationsmanagement (DIMA),en,"Markl, Volker"
Graduate Research Project DM II,6,34351500 FG Datenbanksysteme und Informationsmanagement (DIMA),en,"Markl, Volker"
Graduate Research Project DM III,6,34351500 FG Datenbanksysteme und Informationsmanagement (DIMA),en,"Markl, Volker"
Graduate Research Project ML I (6 LP),6,34352000 FG Maschinelles Lernen,en,"Müller, Klaus-Robert"
Graduate Research Project ML II,6,34352000 FG Maschinelles Lernen,en,"Müller, Klaus-Robert"
Graduate Research Project ML III,6,34352000 FG Maschinelles Lernen,en,"Müller, Klaus-Robert"
Graph Minors,9,34352200 FG Logik und Semantik,en,"Kreutzer, Stephan"
Großes Projekt Messdatenverarbeitung,6,34311600 FG Elektronische Mess- und Diagnosetechnik,de,"Gühmann, Clemens"
Group IV Photonics,3,34321700 FG Silizium-Photonik,en,"Zimmermann, Lars"
Grundlagen Batterietechnik,6,34312100 FG Elektrische Energiespeichertechnik (EET),de,"Kowal, Julia"
Grundlagen der automatischen Spracherkennung,6,34311900 FG Elektronische Systeme der Medizintechnik,de,"Kolossa, Dorothea"
Grundlagen der elektronischen Messtechnik,6,34311600 FG Elektronische Mess- und Diagnosetechnik,de,"Gühmann, Clemens"
Grundlagen der Elektrotechnik (GLET),9,34311500 FG Lichttechnik,de,"Völker, Stephan"
Grundlagen der Elektrotechnik (Service),6,34311200 FG Leistungselektronik,de,"Dieckerhoff, Sibylle"
Grundlagen der Elektrotechnik für Medientechnik,6,34331600 FG Theoretische Grundlagen der Kommunikationstechnik,de,"Caire, Giuseppe"
Grundlagen der Hochspannungstechnik,6,34311300 FG Hochspannungstechnik,de,"Plath, Ronald"
Grundlagen der Kommunikationswissenschaft,10,34355300 FG S-Professur Quality and Usability,,"Möller, Sebastian"
Grundlagen der optischen Nachrichtentechnik,6,34321100 FG Hochfrequenztechnik/Hochfrequenztechnik-Photonik,de,"Burla, Maurizio"
Grundlagen der Photovoltaik,6,34325400 FG S-Professur Photovoltaik,de,"Rech, Bernd"
Grundlagen der Rechnersicherheit,6,34355100 FG S-Professur Security in Telecommunications (SecT),de,"Seifert, Jean-Pierre"
Grundlagen der Statistischen Nachrichtentheorie,6,34331100 FG Nachrichtenübertragung,de,"Sikora, Thomas"
Grundlagen des Softwaretestens,6,34332300 FG Open Distributed Systems (ODS),de,"Hauswirth, Manfred"
Grundlagen des Zivilrechts und Öffentlichen Rechts,9,34355300 FG S-Professur Quality and Usability,de,"Möller, Sebastian"
Grundlagen Digitaler Vernetzung,6,34332300 FG Open Distributed Systems (ODS),de,"Hauswirth, Manfred"
Grundzüge der Elektronik,3,34331100 FG Nachrichtenübertragung,de,"Sikora, Thomas"
Grundzüge der Technischen Optik,12,34311500 FG Lichttechnik,de,"Völker, Stephan"
Halbleiterbauelemente,6,34325800 FG S-Professur Technologie für Dünnschicht-Bauelemente,de,"Szyszka, Bernd"
Hardwarepraktikum,6,34341400 FG Architektur eingebetteter Systeme,de,"Juurlink, Bernardus"
Hardware Security Lab,6,34355100 FG S-Professur Security in Telecommunications (SecT),en,"Seifert, Jean-Pierre"
Herstellungstechnologien für Halbleitersensoren,6,34325000 FG Werkstoffe der hetero-Systemintegration,de,"Schneider-Ramelow, Martin"
High-Frequency Data Converter Techniques (HFDC),9,34341200 FG Mixed Signal Circuit Design,"de, en","Gerfers, Friedel"
High-Frequency Integrated Systems and Applications,3,34322000 FG Integrierte Breitband- und Höchstfrequenzschaltungen,en,"Carta, Corrado"
History of Computer Systems,3,34331200 FG Telekommunikationsnetze,en,"Dressler, Falko"
Hochfrequenzsysteme und -bauelemente,6,34321100 FG Hochfrequenztechnik/Hochfrequenztechnik-Photonik,de,"Heinrich, Wolfgang"
Hochfrequenztechnik,6,34321100 FG Hochfrequenztechnik/Hochfrequenztechnik-Photonik,de,"Burla, Maurizio"
Hochfrequenztechnik mit Praktikum,9,34321100 FG Hochfrequenztechnik/Hochfrequenztechnik-Photonik,de,"Burla, Maurizio"
Hochspannungsprüf- und -messtechnik,6,34311300 FG Hochspannungstechnik,de,"Plath, Ronald"
Hochspannungstechnik,12,34311300 FG Hochspannungstechnik,de,"Plath, Ronald"
Hot Topics and Trends in Data Systems Colloquium,2,34351500 FG Datenbanksysteme und Informationsmanagement (DIMA),en,"Markl, Volker"
Hot Topics in Communication Systems,3,34331100 FG Nachrichtenübertragung,de,"Sikora, Thomas"
Hot Topics in Information Systems Engineering,3,34361400 FG Wirtschaftsinformatik - Information Systems Engineering (ISE),en,"Tai, Stefan"
Hot Topics in Scalable Software Systems,3,34361700 FG Scalable Software Systems,en,"Bermbach, David"
Human-Computer Interaction,6,34353300 FG Mensch-Computer-Interaktion (HCI),en,"George, Ceenu"
Hybrid Systems,6,34311800 FG Regelungssysteme (Control Systems),en,"Raisch, Jörg"
Image and Video Coding,6,34332200 FG Medientechnik,"de, en","Wiegand, Thomas"
Image Processing and Learning for Earth Observation (IPL4EO),6,34342200 FG Remote Sensing Image Analysis,en,"Demir, Begüm"
Implementierung digitaler Systeme zur Echtzeit-Signalverarbeitung,6,34331600 FG Theoretische Grundlagen der Kommunikationstechnik,de,"Kortke, Andreas"
IMSEM Seminar on Hot Topics in Information Management,3,34351500 FG Datenbanksysteme und Informationsmanagement (DIMA),en,"Markl, Volker"
Informatik Propädeutikum,3,34341900 FG Computational Psychology,de,"Maertens, Marianne"
Informatik und Gesellschaft,6,34332900 FG Internet und Gesellschaft,de,"Berendt, Bettina"
Informationssysteme und Datenanalyse,6,34351500 FG Datenbanksysteme und Informationsmanagement (DIMA),de,"Markl, Volker"
Information Theory and Applications,6,34331600 FG Theoretische Grundlagen der Kommunikationstechnik,en,"Caire, Giuseppe"
Integrated Circuits,12,34341200 FG Mixed Signal Circuit Design,de,"Gerfers, Friedel"
Intelligent Cybersecurity Applications,9,34361200 FG Agententechnologien in betrieblichen Anwendungen und der Telekommunikation (AOT),en,"Albayrak, Sahin"
Intelligente Software Systeme,3,34361200 FG Agententechnologien in betrieblichen Anwendungen und der Telekommunikation (AOT),de,"Albayrak, Sahin"
Intelligent Networks Research Colloquium,3,34331700 FG Intelligent Networks and Management of Distributed Systems (INET),en,"Schmid, Stefan"
Interdisziplinäres Medienprojekt,10,34355300 FG S-Professur Quality and Usability,de,"Möller, Sebastian"
International Information Security Contest,12,34355100 FG S-Professur Security in Telecommunications (SecT),en,"Seifert, Jean-Pierre"
Internet and Networked Systems Project,12,34331700 FG Intelligent Networks and Management of Distributed Systems (INET),en,"Schmid, Stefan"
Internet and Network Measurement and Evaluation,6,34331700 FG Intelligent Networks and Management of Distributed Systems (INET),en,"Schmid, Stefan"
Internet and Network Security,6,34331700 FG Intelligent Networks and Management of Distributed Systems (INET),en,"Schmid, Stefan"
Internet of Services Lab (Project),9,34335700 FG S-Professur Service Centric Networking (SNET),en,"Küpper, Axel"
Internet of Services Lab (Seminar),3,34335700 FG S-Professur Service Centric Networking (SNET),en,"Küpper, Axel"
Introduction into Interactive Theorem Proving,3,34351900 FG Modelle und Theorie Verteilter Systeme (MTV),en,"Nestmann, Uwe"
Introduction to Camera Geometry,3,34342000 FG Robotic Interactive Perception,en,"Gallego, Guillermo"
Introduction to Modeling Collective Behavior,3,34342000 FG Robotic Interactive Perception,en,"Gallego, Guillermo"
Introduction to SPICE-based Circuit Simulation Project,6,34311700 FG Sensorik und Aktuatorik / Messtechnik,en,"Thewes, Roland"
IP-Recht I (Gewerblicher Rechtsschutz und Urheberrecht),6,34355300 FG S-Professur Quality and Usability,de,"Möller, Sebastian"
IP-Recht II (Lizenzvertragsrecht),6,34355300 FG S-Professur Quality and Usability,de,"Möller, Sebastian"
ISE Programmierpraktikum,6,34361400 FG Wirtschaftsinformatik - Information Systems Engineering (ISE),de,"Tai, Stefan"
IT Operations,6, 34331500 FG Distributed and Operating Systems (DOS),de,"Kao, Odej"
IT Security Lab: Vulnerability Assessment,6,34355100 FG S-Professur Security in Telecommunications (SecT),de,"Seifert, Jean-Pierre"
Journalismusforschung und Organisationskommunikation,10,34355300 FG S-Professur Quality and Usability,de,"Möller, Sebastian"
Julia for Machine Learning,6,34352000 FG Maschinelles Lernen,en,"Müller, Klaus-Robert"
Klassische Algorithmen der Computer-Graphik,3,34341300 FG Computer Graphics,de,"Alexa, Marc"
Kognitive Algorithmen,6,34352000 FG Maschinelles Lernen,de,"Müller, Klaus-Robert"
Kohärente optische Übertragungstechnik auf Basis von Silizium,6,34321700 FG Silizium-Photonik,de,"Zimmermann, Lars"
Kommunikationsnetze,6,34331200 FG Telekommunikationsnetze,de,"Dressler, Falko"
Kompression von Multimedia-Daten,9,34331100 FG Nachrichtenübertragung,de,"Sikora, Thomas"
"Künstliche Intelligenz: Grundlagen, Anwendungen und Seminar",9,34351600 FG Künstliche Intelligenz,de,"Albayrak, Sahin"
Künstliche Intelligenz: Grundlagen und Anwendungen,6,34351600 FG Künstliche Intelligenz,de,"Albayrak, Sahin"
Lab: Measurement of Non-Electrical Quantities,6,34311700 FG Sensorik und Aktuatorik / Messtechnik,en,"Thewes, Roland"
Lambda-Kalkül und Typ-Systeme,6,34351900 FG Modelle und Theorie Verteilter Systeme (MTV),de,"Nestmann, Uwe"
Large-scale Data Engineering,12,34352900 FG Big Data Engineering,en,"Böhm, Matthias"
Learning and Intelligent Systems: Project,9,34342100 FG Intelligent Systems,en,"Toussaint, Marc"
Leistungselektronik (6LP),6,34311200 FG Leistungselektronik,de,"Dieckerhoff, Sibylle"
Leistungselektronik für Erneuerbare Energien,6,34311200 FG Leistungselektronik,de,"Dieckerhoff, Sibylle"
"Leistungselektronik - Schaltungstechnik, Entwurf und Anwendungen",6,34311200 FG Leistungselektronik,de,"Dieckerhoff, Sibylle"
Lichtmesstechnik,6,34311500 FG Lichttechnik,de,"Völker, Stephan"
Lichtquellen,6,34311500 FG Lichttechnik,de,"Völker, Stephan"
Lichttechnik,6,34311500 FG Lichttechnik,de,"Völker, Stephan"
Lichttechnik: Grundlagen und Anwendungen,6,34311500 FG Lichttechnik,de,"Völker, Stephan"
Lichttechnische Forschung,6,34311500 FG Lichttechnik,de,"Völker, Stephan"
Licht- und Farbwahrnehmung,6,34311500 FG Lichttechnik,de,"Völker, Stephan"
Logik,6,34352200 FG Logik und Semantik,de,"Kreutzer, Stephan"
"Logik, Spiele, Automaten",9,34352200 FG Logik und Semantik,de,"Kreutzer, Stephan"
Logik und Komplexität,6,34352200 FG Logik und Semantik,de,"Kreutzer, Stephan"
Logische Methoden der Informatik,6,34352200 FG Logik und Semantik,de,"Kreutzer, Stephan"
Machine and Behavior,3,34341700 FG Robotik | Robotics and Biology Laboratory,en,"Brock, Oliver"
Machine Intelligence,12,34351300 FG Neuronale Informationsverarbeitung,en,"Obermayer, Klaus"
Machine Intelligence I,6,34351300 FG Neuronale Informationsverarbeitung,en,"Obermayer, Klaus"
Machine Intelligence II,6,34351300 FG Neuronale Informationsverarbeitung,en,"Obermayer, Klaus"
Machine Learning 1,9,34352000 FG Maschinelles Lernen,en,"Müller, Klaus-Robert"
Machine Learning 1-X,12,34352000 FG Maschinelles Lernen,en,"Müller, Klaus-Robert"
Machine Learning 2,9,34352000 FG Maschinelles Lernen,en,"Müller, Klaus-Robert"
Machine Learning 2-X,12,34352000 FG Maschinelles Lernen,en,"Müller, Klaus-Robert"
Machine Learning and Communications,3,34352800 FG Maschinelles Lernen und Kommunikation,en,"Samek, Wojciech"
Machine Learning and Data Management Systems,3,34352900 FG Big Data Engineering,en,"Böhm, Matthias"
Machine Learning and Inverse Modeling in Neuroimaging,3,"34352700 FG S-Professur Unsicherheit, inverse Modellierung und maschinelles Lernen (UNIML)",en,"Haufe, Stefan"
Machine Learning and Security - Advanced Project,9,34353000 FG Maschinelles Lernen und IT-Sicherheit,de,"Rieck, Konrad"
Machine Learning and Security - Bachelor Seminar,3,34353000 FG Maschinelles Lernen und IT-Sicherheit,de,"Rieck, Konrad"
Machine Learning and Security - Master Seminar,3,34353000 FG Maschinelles Lernen und IT-Sicherheit,de,"Rieck, Konrad"
Machine Learning and Security - Project,9,34353000 FG Maschinelles Lernen und IT-Sicherheit,de,"Rieck, Konrad"
Machine Learning for Computer Security,6,34353000 FG Maschinelles Lernen und IT-Sicherheit,en,"Rieck, Konrad"
Machine Learning for Remote Sensing Data Analysis,3,Institut für Technische Informatik und Mikroelektronik,en,"Demir, Begüm"
Machine Learning in Medical Image Processing,9,34341600 FG Computer Vision and Remote Sensing,en,"Hennemuth, Anja"
Machine Learning in Neuroscience,3,34352000 FG Maschinelles Lernen,en,"Müller, Klaus-Robert"
Machine Learning in Science and Industry,3,34352000 FG Maschinelles Lernen,en,"Montavon, Gregoire"
Machine Learning Lab Course,9,34352000 FG Maschinelles Lernen,en,"Müller, Klaus-Robert"
Machine Learning Project,9,34352000 FG Maschinelles Lernen,en,"Müller, Klaus-Robert"
Maschinelles Lernen für die Zustandsüberwachung von technischen Anlagen und Systemen,6,34311600 FG Elektronische Mess- und Diagnosetechnik,de,"Gühmann, Clemens"
Masterarbeit Automotive Systems,30,Fakultät IV,de,"Möller, Sebastian"
Masterarbeit Automotive Systems,30,Fakultät IV,de,"Gühmann, Clemens"
Masterarbeit Automotive Systems StuPO 2017,30,Fakultät IV,de,"Gühmann, Clemens"
Masterarbeit Computer Engineering,30,Fakultät IV,de,"Gerfers, Friedel"
Masterarbeit Computer Science / Informatik,30,Fakultät IV,de,"Glesner, Sabine"
Masterarbeit Elektrotechnik,30,Fakultät IV,de,"Schäfer, Uwe"
Masterarbeit Elektrotechnik,30,Fakultät IV,de,"Kowal, Julia"
Masterarbeit Elektrotechnik StuPO 2015,30,Fakultät IV,de,"Schäfer, Uwe"
Masterarbeit Elektrotechnik StuPO 2015,30,Fakultät IV,de,"Kowal, Julia"
Masterarbeit ICT Innovation,30,Fakultät IV,de,"Möller, Sebastian"
Masterarbeit Informatik,30,Fakultät IV,de,"Glesner, Sabine"
Masterarbeit Medieninformatik,30,34355300 FG S-Professur Quality and Usability,de,"Möller, Sebastian"
Masterarbeit Medientechnik,30,34355300 FG S-Professur Quality and Usability,de,"Möller, Sebastian"
Masterarbeit Technische Informatik,30,Fakultät IV,de,"Gerfers, Friedel"
Masterarbeit Wirtschaftsinformatik / Information Systems Management,30,Fakultät IV,de,"Glesner, Sabine"
Master Project: Distributed Systems,9, 34331500 FG Distributed and Operating Systems (DOS),en,"Kao, Odej"
Master Project and Seminar Software Engineering of Embedded Systems,9,34351800 FG Software and Embedded Systems Engineering (SESE),de,"Glesner, Sabine"
Master Project Network Information Systems,9,34331800 FG Netzwerk- und Informationstheorie,en,"Stanczak, Slawomir"
Master Project Software Engineering of Embedded Systems,9,34351800 FG Software and Embedded Systems Engineering (SESE),de,"Glesner, Sabine"
Masterprojekt: Large Scale Data Integration,9,34353400 FG Data Integration and Data Preparation,en,"Abedjan, Ziawasch"
Masterprojekt Batterien,6,34312100 FG Elektrische Energiespeichertechnik (EET),de,"Kowal, Julia"
Master Seminar: Operating Complex IT Systems,3, 34331500 FG Distributed and Operating Systems (DOS),en,"Kao, Odej"
Master Seminar: Selected Topics in Robot Learning,3,34342100 FG Intelligent Systems,en,"Toussaint, Marc"
Master Thesis,20,34351300 FG Neuronale Informationsverarbeitung,en,"Obermayer, Klaus"
Master Thesis ICT Innovation,30,Fakultät IV,en,"Küpper, Axel"
Master’s Thesis Colloquium in Data Management Systems,3,34351500 FG Datenbanksysteme und Informationsmanagement (DIMA),en,"Markl, Volker"
Mathematics of Machine Learning,6,34331800 FG Netzwerk- und Informationstheorie,en,"Stanczak, Slawomir"
Mathematische Methoden der Feldsimulation,6,34321600 FG Theoretische Elektrotechnik,de,"Schuhmann, Rolf"
MDS Management of Data Streams,6,34351500 FG Datenbanksysteme und Informationsmanagement (DIMA),en,"Markl, Volker"
Measurement of Non-Electrical Quantities (MNEQ),6,34311700 FG Sensorik und Aktuatorik / Messtechnik,en,"Thewes, Roland"
Medical Image Processing,6,34341600 FG Computer Vision and Remote Sensing,en,"Hennemuth, Anja"
Medien- und Informationsrecht,6,34355300 FG S-Professur Quality and Usability,de,"Möller, Sebastian"
Medienwirkung und Öffentlichkeit,10,34355300 FG S-Professur Quality and Usability,de,"Möller, Sebastian"
Medizinische Signalverarbeitung,9,34311900 FG Elektronische Systeme der Medizintechnik,de,"Kolossa, Dorothea"
Mentoring Fakultät IV,3,34341900 FG Computational Psychology,de,"Maertens, Marianne"
Messdatenverarbeitung,6,34311600 FG Elektronische Mess- und Diagnosetechnik,de,"Gühmann, Clemens"
"Methoden: Wissenschaftstheoretische Grundlagen, Datenerhebung und Statistik",10,34355300 FG S-Professur Quality and Usability,de,"Möller, Sebastian"
Methoden der empirischen Kommunikationsforschung,5,34355300 FG S-Professur Quality and Usability,de,"Möller, Sebastian"
Methoden und Anwendungen der Halbleitertechnik,6,34311700 FG Sensorik und Aktuatorik / Messtechnik,de,"Thewes, Roland"
Microelectronics for Wireless Communications,6,34322000 FG Integrierte Breitband- und Höchstfrequenzschaltungen,en,"Carta, Corrado"
Microsystems Technology and Devices,12,34311700 FG Sensorik und Aktuatorik / Messtechnik,de,"Thewes, Roland"
Microwave and Radar Remote Sensing,6,34341600 FG Computer Vision and Remote Sensing,en,"Hellwich, Olaf"
Mikrocontroller-Projekt,6,34311900 FG Elektronische Systeme der Medizintechnik,de,"Kolossa, Dorothea"
Mikrocontrollersteuerung eines Wechselrichters,6,34311200 FG Leistungselektronik,de,"Dieckerhoff, Sibylle"
Mikroprozessortechnik,6,34311900 FG Elektronische Systeme der Medizintechnik,de,"Kolossa, Dorothea"
Mixed - Signal - Baugruppen,6,34311900 FG Elektronische Systeme der Medizintechnik,de,"Kolossa, Dorothea"
Mixed - Signal - Systeme,6,34311900 FG Elektronische Systeme der Medizintechnik,de,"Kolossa, Dorothea"
MMIC4U Microwave Chip Project,9,34341200 FG Mixed Signal Circuit Design,de,"Gerfers, Friedel"
Modelle zur Informationsverarbeitung im Gehirn,6,34351300 FG Neuronale Informationsverarbeitung,de,"Obermayer, Klaus"
Modellgetriebene Software-Entwicklung,6,34332300 FG Open Distributed Systems (ODS),de,"Hauswirth, Manfred"
Modellierung und Simulation von Batterien,6,34312100 FG Elektrische Energiespeichertechnik (EET),de,"Kowal, Julia"
Models and Theory of Distributed Algorithms (9 LP),9,34351900 FG Modelle und Theorie Verteilter Systeme (MTV),en,"Nestmann, Uwe"
Models of Higher Brain Functions,12,34352100 FG Modellierung kognitiver Prozesse,en,"Sprekeler, Henning"
Models of Higher Brain Functions: Theory and Simulation,9,34352100 FG Modellierung kognitiver Prozesse,en,"Sprekeler, Henning"
Models of Higher Brain Functions - Introduction,6,34352100 FG Modellierung kognitiver Prozesse,en,"Sprekeler, Henning"
Models of Neural Systems,12,34351300 FG Neuronale Informationsverarbeitung,en,"Obermayer, Klaus"
Moderne Cloud-Applikationen (9 LP),9,34361700 FG Scalable Software Systems,en,"Bermbach, David"
Modern Signal Processing for Communications,6,34331800 FG Netzwerk- und Informationstheorie,en,"Stanczak, Slawomir"
Modern Wireless Communications,6,34331800 FG Netzwerk- und Informationstheorie,en,"Stanczak, Slawomir"
Motion Planning,6,34342100 FG Intelligent Systems,en,"Hönig, Wolfgang"
MTV Project: Research at Work,9,34351900 FG Modelle und Theorie Verteilter Systeme (MTV),de,"Nestmann, Uwe"
"MTV Seminar: Write, Review and Publish",3,34351900 FG Modelle und Theorie Verteilter Systeme (MTV),de,"Nestmann, Uwe"
Multicore Systems,6,34341400 FG Architektur eingebetteter Systeme,en,"Juurlink, Bernardus"
Multimedia and Wireless Lab,9,34331700 FG Intelligent Networks and Management of Distributed Systems (INET),en,"Schmid, Stefan"
Multimodal Interaction,6,34355300 FG S-Professur Quality and Usability,en,"Möller, Sebastian"
Multi-Robot Systems,3,34342300 FG Multi-Roboter-Systeme,en,"Hönig, Wolfgang"
Multivariable Control Systems,6,34311800 FG Regelungssysteme (Control Systems),en,"Raisch, Jörg"
Nachrichtenübertragung,6,34331100 FG Nachrichtenübertragung,de,"Sikora, Thomas"
Nachrichtenübertragung mit Praktikum,9,34331100 FG Nachrichtenübertragung,de,"Sikora, Thomas"
Natural Language Processing,6,34355300 FG S-Professur Quality and Usability,en,"Möller, Sebastian"
Natural Language Processing in Humans and Machines,3,34353100 FG Sprache und Kommunikation in biologischen und künstlichen Systemen,de,"Deniz, Fatma"
Network Architectures - Seminar,3,34339201 FG Internet Measurement and Analysis ,en,"Schmid, Stefan"
Networked Embedded Systems,6,34331200 FG Telekommunikationsnetze,en,"Dressler, Falko"
Networked Systems for Machine Learning Seminar,3,34331700 FG Intelligent Networks and Management of Distributed Systems (INET),en,"Schmid, Stefan"
Network Protocols and Architectures,6,34331700 FG Intelligent Networks and Management of Distributed Systems (INET),en,"Schmid, Stefan"
Network Simulation,6,34331200 FG Telekommunikationsnetze,en,"Dressler, Falko"
Netze der elektrischen Energieversorgung,6,34312000 FG Energieversorgungsnetze und Integration Erneuerbarer Energien (SENSE),de,"Strunz, Kai"
Neurokolloquium,3,34353100 FG Sprache und Kommunikation in biologischen und künstlichen Systemen,en,"Deniz, Fatma"
Open Distributed Systems - Seminar,3,34332300 FG Open Distributed Systems (ODS),en,"Hauswirth, Manfred"
Optimization Algorithms,6,34342100 FG Intelligent Systems,en,"Toussaint, Marc"
Optische Kommunikationstechnik,12,34321100 FG Hochfrequenztechnik/Hochfrequenztechnik-Photonik,de,"Burla, Maurizio"
Optoelektronische Integration,6,34321700 FG Silizium-Photonik,de,"Zimmermann, Lars"
Parameterized Algorithmics,6,34351100 FG Algorithmik und Komplexitätstheorie,en,"Nichterlein, André"
Photogrammetric Computer Vision,6,34341600 FG Computer Vision and Remote Sensing,en,"Hellwich, Olaf"
Photonic Integrated Circuits - Design and Applications,6,34321700 FG Silizium-Photonik,en,"Zimmermann, Lars"
Photonik-Nanofabrikation mit Praktikum,12,34321100 FG Hochfrequenztechnik/Hochfrequenztechnik-Photonik,,"Günther, Alan"
Photonik-Nanofabrikation ohne Praktikum,6,34321100 FG Hochfrequenztechnik/Hochfrequenztechnik-Photonik,,"Günther, Alan"
Photonische Kommunikationsnetze,6,34332600 FG Photonische Kommunikationssysteme,de,"Petermann, Klaus"
Photonische Kommunikationsnetze,6,34332600 FG Photonische Kommunikationssysteme,de,"Freund, Ronald"
Photonische Kommunikationsnetze und Komponenten,12,34332600 FG Photonische Kommunikationssysteme,de,"Freund, Ronald"
Photonische Komponenten,12,34321100 FG Hochfrequenztechnik/Hochfrequenztechnik-Photonik,"de, en","Petermann, Klaus"
Photonische Komponenten,12,34321100 FG Hochfrequenztechnik/Hochfrequenztechnik-Photonik,de,"Burla, Maurizio"
Photovoltaik,12,34325400 FG S-Professur Photovoltaik,,"Rech, Bernd"
Physics and Technology of Semiconductor Devices,6,34311700 FG Sensorik und Aktuatorik / Messtechnik,en,"Thewes, Roland"
Physics-Informed Machine Learning,3,"34352700 FG S-Professur Unsicherheit, inverse Modellierung und maschinelles Lernen (UNIML)",en,"Haufe, Stefan"
Praktikum: Intelligente Softwaresysteme,6,34361200 FG Agententechnologien in betrieblichen Anwendungen und der Telekommunikation (AOT),de,"Albayrak, Sahin"
Praktikum Master Medieninformatik I,15,34355300 FG S-Professur Quality and Usability,de,"Möller, Sebastian"
Praktikum Master Medieninformatik II,15,34355300 FG S-Professur Quality and Usability,de,"Möller, Sebastian"
Praktikum Optische Nachrichtentechnik,6,34321100 FG Hochfrequenztechnik/Hochfrequenztechnik-Photonik,de,"Burla, Maurizio"
Praktisches Programmieren und Rechneraufbau,6,34351300 FG Neuronale Informationsverarbeitung,de,"Obermayer, Klaus"
Privacy Prototyping,12,34361400 FG Wirtschaftsinformatik - Information Systems Engineering (ISE),en,"Pallas, Frank"
Produktionsoptimierte elektrische Antriebe,6,34311100 FG Elektrische Antriebstechnik (EA),de,"Schäfer, Uwe"
Programmieren I,6,34361700 FG Scalable Software Systems,de,"Bermbach, David"
Programmieren II,6,34335700 FG S-Professur Service Centric Networking (SNET),de,"Küpper, Axel"
Programmieren II für Wirtschaftsinformatiker,6,34335700 FG S-Professur Service Centric Networking (SNET),de,"Küpper, Axel"
Programmierpraktikum,6,34351800 FG Software and Embedded Systems Engineering (SESE),de,"Glesner, Sabine"
Programmierpraktikum: Algorithm Engineering,6,34331700 FG Intelligent Networks and Management of Distributed Systems (INET),de,"Schmid, Stefan"
Programmierpraktikum: Cyber-Physical Systems,6,34351800 FG Software and Embedded Systems Engineering (SESE),de,"Glesner, Sabine"
Programmierpraktikum: Datensysteme,6,34352900 FG Big Data Engineering,de,"Böhm, Matthias"
Programmierpraktikum: Datensysteme - Datenintegrationinstanz,6,34353400 FG Data Integration and Data Preparation,de,"Abedjan, Ziawasch"
Programmierpraktikum: Datensysteme - Machine Learning Pipelines,6,34353500 FG Management von Data Science-Prozessen,en,"Schelter, Sebastian"
Programmierpraktikum: Entwurf und Implementierung von Programmiersprachen,6,34353200 FG Programmiersprachen,en,"Steuwer, Michel"
Programmierpraktikum: Mensch-Computer-Interaktion,6,34353300 FG Mensch-Computer-Interaktion (HCI),de,"George, Ceenu"
Programmierpraktikum: Modelle Dynamischer Systeme,6,34351900 FG Modelle und Theorie Verteilter Systeme (MTV),de,"Nestmann, Uwe"
Programmierpraktikum: Moderne verteilte Anwendungen,6,34332300 FG Open Distributed Systems (ODS),de,"Hauswirth, Manfred"
Programmierpraktikum: NLP for Social Good,6,34332900 FG Internet und Gesellschaft,de,"Berendt, Bettina"
Programmierpraktikum: Quality Data Science,6,"34352700 FG S-Professur Unsicherheit, inverse Modellierung und maschinelles Lernen (UNIML)",en,"Haufe, Stefan"
Programmierpraktikum: Skalierbare Systeme,6, 34331500 FG Distributed and Operating Systems (DOS),de,"Kao, Odej"
Programmierpraktikum: Verteilte Systeme,9, 34331500 FG Distributed and Operating Systems (DOS),de,"Kao, Odej"
Programmierpraktikum Algorithmen für Spiele und Puzzle,6,34355200 FG S-Professur Neurotechnologie,de,"Blankertz, Benjamin"
Programmierpraktikum Algorithmen und Datenstrukturen,6,34355200 FG S-Professur Neurotechnologie,de,"Blankertz, Benjamin"
Programmierpraktikum Batterien,6,34312100 FG Elektrische Energiespeichertechnik (EET),de,"Kowal, Julia"
Programmierpraktikum FLOSS,6,34355200 FG S-Professur Neurotechnologie,de,"Blankertz, Benjamin"
Programmierpraktikum Kommunikationstechnologien,6,34331200 FG Telekommunikationsnetze,de,"Dressler, Falko"
Programmierpraktikum Leistungselektronik,6,34311200 FG Leistungselektronik,de,"Dieckerhoff, Sibylle"
Programmierpraktikum Microservices,6,34361400 FG Wirtschaftsinformatik - Information Systems Engineering (ISE),de,"Tai, Stefan"
Programmierpraktikum Neue Webtechnologien,6,34335700 FG S-Professur Service Centric Networking (SNET),de,"Küpper, Axel"
Programmierpraktikum Scalable Software Systems,6,34361700 FG Scalable Software Systems,de,"Bermbach, David"
Programmierung einer Umrichtersteuerung,6,34311200 FG Leistungselektronik,de,"Dieckerhoff, Sibylle"
Programming Course and Project,6,34352100 FG Modellierung kognitiver Prozesse,en,"Sprekeler, Henning"
Programming Project: Data Science in Python and R,6,34341900 FG Computational Psychology,en,"Maertens, Marianne"
Programming Project in Python,6,34352100 FG Modellierung kognitiver Prozesse,en,"Sprekeler, Henning"
Project: Brain-Computer Interfacing,9,34355200 FG S-Professur Neurotechnologie,en,"Blankertz, Benjamin"
Project: Smart Sensors and Sensor Interfaces,12,34311700 FG Sensorik und Aktuatorik / Messtechnik,en,"Thewes, Roland"
Project Advanced Network Technologies,6,34331200 FG Telekommunikationsnetze,en,"Dressler, Falko"
Project Advanced Research Data Infrastructures,9,34332310 FG Forschungsdateninfrastruktur,en,"Schimmler, Sonja"
Project Deep Learning for Earth Observation,9,34342200 FG Remote Sensing Image Analysis,en,"Demir, Begüm"
Project Hot Topics in Computer Vision A,9,34341600 FG Computer Vision and Remote Sensing,en,"Hellwich, Olaf"
Project Hot Topics in Computer Vision B,9,34341600 FG Computer Vision and Remote Sensing,en,"Hellwich, Olaf"
Project Lab Automation,6,34311800 FG Regelungssysteme (Control Systems),en,"Schauer, Thomas"
Project Large-scale Data Engineering (benotet),9,34352900 FG Big Data Engineering,en,"Böhm, Matthias"
Project Open Distributed Systems,9,34332300 FG Open Distributed Systems (ODS),en,"Hauswirth, Manfred"
Project Selection of Storage System,3,34312100 FG Elektrische Energiespeichertechnik (EET),en,"Kowal, Julia"
Projekt: Elektromagnetisches CAD,6,34321600 FG Theoretische Elektrotechnik,de,"Schuhmann, Rolf"
Projekt: Optoelektronik auf Silizium,6,34321700 FG Silizium-Photonik,de,"Zimmermann, Lars"
Projekt: Symbolische Künstliche Intelligenz,6,34361200 FG Agententechnologien in betrieblichen Anwendungen und der Telekommunikation (AOT),de,"Albayrak, Sahin"
Projekt Advanced Media Technologies,9,34332300 FG Open Distributed Systems (ODS),de,"Hauswirth, Manfred"
Projekt Analyse und Synthese von Regelungssystemen,6,34311800 FG Regelungssysteme (Control Systems),de,"Schauer, Thomas"
Projekt Anwendungen der Leistungselektronik,6,34311200 FG Leistungselektronik,de,"Dieckerhoff, Sibylle"
Projekt Batterien,6,34312100 FG Elektrische Energiespeichertechnik (EET),de,"Kowal, Julia"
Projekt Elektrische Antriebe,6,34311100 FG Elektrische Antriebstechnik (EA),de,"Schäfer, Uwe"
Projekt Elektrische Antriebe (Master),6,34311100 FG Elektrische Antriebstechnik (EA),de,"Schäfer, Uwe"
Projekt Elektromagnetische Feldsimulation,6,34321600 FG Theoretische Elektrotechnik,de,"Schuhmann, Rolf"
Projekt Elektronik,6,34311900 FG Elektronische Systeme der Medizintechnik,de,"Kolossa, Dorothea"
Projekt Energieversorgung mit erneuerbaren Energien,6,34312000 FG Energieversorgungsnetze und Integration Erneuerbarer Energien (SENSE),"de, en","Strunz, Kai"
Projekt Funksysteme,6,34321200 FG Hochfrequenzsysteme,de,"Keusgen, Wilhelm"
Projekt Funktechnik,6,34321200 FG Hochfrequenzsysteme,de,"Keusgen, Wilhelm"
Projekt Halbleiter und Schaltungen der Leistungselektronik,6,34311200 FG Leistungselektronik,de,"Dieckerhoff, Sibylle"
Projekt informatiCup,6,34361700 FG Scalable Software Systems,de,"Bermbach, David"
Projekt Mathematische Methoden der Feldsimulation,6,34321600 FG Theoretische Elektrotechnik,de,"Schuhmann, Rolf"
Projekt Medienerstellung (5 LP),5,34355300 FG S-Professur Quality and Usability,de,"Möller, Sebastian"
Projekt Medienerstellung (6 LP),6,34355300 FG S-Professur Quality and Usability,de,"Möller, Sebastian"
Projekt Nachrichtenübertragung,6,34331100 FG Nachrichtenübertragung,de,"Sikora, Thomas"
Projekt Neuronale Informationsverarbeitung,9,34351300 FG Neuronale Informationsverarbeitung,de,"Obermayer, Klaus"
Projektorientierte App- und Web-Entwicklung,6,34335700 FG S-Professur Service Centric Networking (SNET),de,"Küpper, Axel"
Projektorientiertes Praktikum,6,34341200 FG Mixed Signal Circuit Design,de,"Gerfers, Friedel"
Projektpraktikum Automatisierungstechnik,6,34311800 FG Regelungssysteme (Control Systems),de,"Schauer, Thomas"
Projekt Simulation und Technische Diagnose,6,34311600 FG Elektronische Mess- und Diagnosetechnik,de,"Gühmann, Clemens"
Projekt System Quality Engineering,9,34332300 FG Open Distributed Systems (ODS),de,"Hauswirth, Manfred"
Python for Machine Learning,6,34352000 FG Maschinelles Lernen,en,"Müller, Klaus-Robert"
Quality & Usability,3,34355300 FG S-Professur Quality and Usability,de,"Möller, Sebastian"
Quality and Reliability in Semiconductor Engineering,6,34311700 FG Sensorik und Aktuatorik / Messtechnik,en,"Thewes, Roland"
Quality Assurance for Machine Learning,3,"34352700 FG S-Professur Unsicherheit, inverse Modellierung und maschinelles Lernen (UNIML)",en,"Haufe, Stefan"
Quality Assurance of Embedded Systems,6,34351800 FG Software and Embedded Systems Engineering (SESE),en,"Glesner, Sabine"
Quantum Computing,6,34355100 FG S-Professur Security in Telecommunications (SecT),en,"Seifert, Jean-Pierre"
Quantum Cryptography,3,34355110 FG Quantum Communication and Cryptography,en,"Pappa, Anna"
Quellencodierung - Multimediasignalverarbeitung,6,34331100 FG Nachrichtenübertragung,de,"Sikora, Thomas"
Radio Astronomy Project (SIERRA),6,34321100 FG Hochfrequenztechnik/Hochfrequenztechnik-Photonik,en,"Burla, Maurizio"
Randomized Algorithmics,6,34351100 FG Algorithmik und Komplexitätstheorie,en,"Nichterlein, André"
RDSEM - Seminar on Responsible Data Engineering,3,34353500 FG Management von Data Science-Prozessen,en,"Schelter, Sebastian"
Reading Group Cloud Systems,3,34361700 FG Scalable Software Systems,en,"Bermbach, David"
Reaktive Systeme,6,34351900 FG Modelle und Theorie Verteilter Systeme (MTV),de,"Nestmann, Uwe"
Recent Advances in Computer Architecture,3,34341400 FG Architektur eingebetteter Systeme,en,"Juurlink, Bernardus"
Recent Trends in Deep Learning for Computer Vision,3,34342200 FG Remote Sensing Image Analysis,en,"Demir, Begüm"
Rechnernetze und Verteilte Systeme,6,34331200 FG Telekommunikationsnetze,de,"Dressler, Falko"
Rechnerorganisation,6,34341200 FG Mixed Signal Circuit Design,de,"Gerfers, Friedel"
Rechnerorganisation Praktikum,3,34341200 FG Mixed Signal Circuit Design,de,"Gerfers, Friedel"
Regelungstechnik,6,34311800 FG Regelungssysteme (Control Systems),de,"Raisch, Jörg"
Renewable Energy for Sustainable Electric Networks,12,34312000 FG Energieversorgungsnetze und Integration Erneuerbarer Energien (SENSE),en,"Strunz, Kai"
Renewable Energy Integration in Electric Networks,6,34312000 FG Energieversorgungsnetze und Integration Erneuerbarer Energien (SENSE),en,"Strunz, Kai"
Renewable Energy Technology in Electric Networks,6,34312000 FG Energieversorgungsnetze und Integration Erneuerbarer Energien (SENSE),en,"Strunz, Kai"
Research Colloquium on Algorithms and Complexity,3,34351100 FG Algorithmik und Komplexitätstheorie,en,"Nichterlein, André"
Research Project Advanced Network Technologies,9,34331200 FG Telekommunikationsnetze,en,"Dressler, Falko"
Responsible Artificial Intelligence,6,34352800 FG Maschinelles Lernen und Kommunikation,de,"Samek, Wojciech"
Robotics,6,34341700 FG Robotik | Robotics and Biology Laboratory,en,"Brock, Oliver"
Robotics: Advanced,6,34341700 FG Robotik | Robotics and Biology Laboratory,de,"Brock, Oliver"
Robotics: Current Topics,3,34341700 FG Robotik | Robotics and Biology Laboratory,en,"Brock, Oliver"
Robotics: Fundamentals,9,34341700 FG Robotik | Robotics and Biology Laboratory,en,"Brock, Oliver"
Robotics: Project,9,34341700 FG Robotik | Robotics and Biology Laboratory,en,"Brock, Oliver"
Robot Learning,6,34342100 FG Intelligent Systems,en,"Toussaint, Marc"
ROC Foundations for Graduate Research in Data Management and Machine Learning Systems,9,34351500 FG Datenbanksysteme und Informationsmanagement (DIMA),en,"Markl, Volker"
Satellite Communication Project (SIERRA; aka. Projekt Amateurfunk),6,34321100 FG Hochfrequenztechnik/Hochfrequenztechnik-Photonik,en,"Burla, Maurizio"
Scalability Engineering,6,34361700 FG Scalable Software Systems,de,"Bermbach, David"
Scalable Software Systems Project,12,34361700 FG Scalable Software Systems,en,"Bermbach, David"
Schalterverhalten im Netz,3,34311300 FG Hochspannungstechnik,de,"Plath, Ronald"
Schaltungstechnik,6,34311700 FG Sensorik und Aktuatorik / Messtechnik,de,"Thewes, Roland"
Schwerpunktprojekt: Halbleiterbauelemente und Schaltungsentwurf,6,34311700 FG Sensorik und Aktuatorik / Messtechnik,de,"Thewes, Roland"
Schwerpunktprojekt Hochspannungstechnik,6,34311300 FG Hochspannungstechnik,de,"Plath, Ronald"
Schwerpunktprojekt Lichttechnik,6,34311500 FG Lichttechnik,de,"Völker, Stephan"
Scientific Problems in the Field of Sensor and Actuator Systems,3,34311700 FG Sensorik und Aktuatorik / Messtechnik,en,"Thewes, Roland"
Secure Operational Control of Large-Scale Renewable Energy Systems and Power Grids,6,34312000 FG Energieversorgungsnetze und Integration Erneuerbarer Energien (SENSE),en,"Strunz, Kai"
Selected Areas of Telecommunication Networks,3,34331200 FG Telekommunikationsnetze,en,"Dressler, Falko"
Selected Topics in Cognitive Systems (ENHANCE Alliance),30,Fakultät IV,en,"Küpper, Axel"
Selected Topics in Data and Software Engineering (ENHANCE Alliance),30,Fakultät IV,en,"Küpper, Axel"
Selected Topics in Digital Media and Human-Computer Interaction (ENHANCE Alliance),30,Fakultät IV,en,"Küpper, Axel"
Selected Topics in Distributed Systems and Networks (ENHANCE Alliance),30,Fakultät IV,en,"Küpper, Axel"
Selected Topics in Embedded Systems and Computer Architectures (ENHANCE Alliance),30,Fakultät IV,en,"Küpper, Axel"
Selected Topics in Foundations of Computing (ENHANCE Alliance),30,Fakultät IV,en,"Küpper, Axel"
Selected Topics in Natural Language Processing,3,34353100 FG Sprache und Kommunikation in biologischen und künstlichen Systemen,en,"Deniz, Fatma"
Seminar: Aktuelle Forschungsthemen in Programmiersprachen und Compilern,3,34353200 FG Programmiersprachen,en,"Steuwer, Michel"
Seminar Aktuelle Forschung an Batterien,3,34312100 FG Elektrische Energiespeichertechnik (EET),de,"Kowal, Julia"
Seminar Energiespeichertechnik,6,34312100 FG Elektrische Energiespeichertechnik (EET),de,"Kowal, Julia"
Seminar Hot Topics in Computer Vision,3,34341600 FG Computer Vision and Remote Sensing,en,"Hellwich, Olaf"
Seminar Large-scale Data Engineering,3,34352900 FG Big Data Engineering,en,"Böhm, Matthias"
Seminar Mess- und Diagnosetechnik,3,34311600 FG Elektronische Mess- und Diagnosetechnik,en,"Gühmann, Clemens"
Seminar on Artificial Intelligence for Biomedical Applications,6,34321400 FG Halbleiterbauelemente und Mikroelektroniksysteme,en,"Jadaun, Priyamvada"
Seminar on Quantum Bio-Sensing,6,34321400 FG Halbleiterbauelemente und Mikroelektroniksysteme,en,"Jadaun, Priyamvada"
Seminar Software and Embedded Systems Engineering,3,34351800 FG Software and Embedded Systems Engineering (SESE),en,"Glesner, Sabine"
Signale und Systeme,6,34331100 FG Nachrichtenübertragung,de,"Sikora, Thomas"
Simulation,6,34311600 FG Elektronische Mess- und Diagnosetechnik,de,"Gühmann, Clemens"
Simulation und Technische Diagnose,6,34311600 FG Elektronische Mess- und Diagnosetechnik,,"Gühmann, Clemens"
SIP - Stereo Image Processing,3,34341600 FG Computer Vision and Remote Sensing,en,"Hellwich, Olaf"
Smart Communication Systems,9,34361200 FG Agententechnologien in betrieblichen Anwendungen und der Telekommunikation (AOT),en,"Albayrak, Sahin"
Smart Grids for Multi-Energy Distribution,6,34312000 FG Energieversorgungsnetze und Integration Erneuerbarer Energien (SENSE),en,"Strunz, Kai"
Smart Security Lab,6,34353000 FG Maschinelles Lernen und IT-Sicherheit,en,"Rieck, Konrad"
Smart Sensors and Actuators,6,34311700 FG Sensorik und Aktuatorik / Messtechnik,en,"Thewes, Roland"
Software Engineering cyber-physischer Systeme,6,34351800 FG Software and Embedded Systems Engineering (SESE),de,"Glesner, Sabine"
Software Engineering eingebetteter Systeme,6,34351800 FG Software and Embedded Systems Engineering (SESE),de,"Glesner, Sabine"
Software Security for Autonomous Systems,6,34361200 FG Agententechnologien in betrieblichen Anwendungen und der Telekommunikation (AOT),en,"Albayrak, Sahin"
Software Security Lab,6,34355100 FG S-Professur Security in Telecommunications (SecT),en,"Seifert, Jean-Pierre"
Softwaretechnik und Programmierparadigmen,6,34351800 FG Software and Embedded Systems Engineering (SESE),de,"Glesner, Sabine"
Solarstrahlung,6,34311500 FG Lichttechnik,de,"Völker, Stephan"
Special Topics in Communications Networks and Autonomous Security,3,34361200 FG Agententechnologien in betrieblichen Anwendungen und der Telekommunikation (AOT),en,"Albayrak, Sahin"
Speech and Audio Technology in Medicine,3,34311900 FG Elektronische Systeme der Medizintechnik,en,"Kolossa, Dorothea"
Speech Signal Processing and Speech Technology,6,34355300 FG S-Professur Quality and Usability,en,"Möller, Sebastian"
Spezielle Anwendungen der Feldsimulation,6,34321600 FG Theoretische Elektrotechnik,de,"Schuhmann, Rolf"
State Estimation and Diagnosis of Battery Systems,6,34312100 FG Elektrische Energiespeichertechnik (EET),en,"Kowal, Julia"
State Estimation for Robotics,6,34342000 FG Robotic Interactive Perception,en,"Gallego, Guillermo"
Steuerung und Regelung leistungselektronischer Systeme,6,34311200 FG Leistungselektronik,de,"Dieckerhoff, Sibylle"
Structural Graph Theory,9,34352200 FG Logik und Semantik,"de, en","Kreutzer, Stephan"
Structure and Algorithmic Applications of Directed Graphs,6,34352200 FG Logik und Semantik,en,"Kreutzer, Stephan"
Study Project Quality & Usability (6 CP),6,34355300 FG S-Professur Quality and Usability,"de, en","Möller, Sebastian"
Study Project Quality & Usability (9 CP),9,34355300 FG S-Professur Quality and Usability,"de, en","Möller, Sebastian"
Summer School,4,34335700 FG S-Professur Service Centric Networking (SNET),en,"Küpper, Axel"
Surface Technologies for Energy Efficiency and Renewable Energies,6,34325800 FG S-Professur Technologie für Dünnschicht-Bauelemente,"de, en","Szyszka, Bernd"
Symmetric-Key Cryptography,6,34355100 FG S-Professur Security in Telecommunications (SecT),en,"Seifert, Jean-Pierre"
System-on-Chip (SoC) + RISC-V Lab,12,34341200 FG Mixed Signal Circuit Design,de,"Gerfers, Friedel"
Systemprogrammierung,6, 34331500 FG Distributed and Operating Systems (DOS),de,"Kao, Odej"
Technische Diagnose,6,34311600 FG Elektronische Mess- und Diagnosetechnik,de,"Gühmann, Clemens"
Technische Grundlagen der Informatik,6,34355100 FG S-Professur Security in Telecommunications (SecT),de,"Seifert, Jean-Pierre"
Technology for Thin Film Devices,6,34325800 FG S-Professur Technologie für Dünnschicht-Bauelemente,en,"Szyszka, Bernd"
The AMOS Project - Product Owner Role,6,34332300 FG Open Distributed Systems (ODS),en,"Hauswirth, Manfred"
The AMOS Project - Scrum Master Role,3,34332300 FG Open Distributed Systems (ODS),en,"Hauswirth, Manfred"
The AMOS Project - Software Developer Role,9,34332300 FG Open Distributed Systems (ODS),en,"Hauswirth, Manfred"
Theoretische Grundlagen der Informatik,6,34352100 FG Modellierung kognitiver Prozesse,de,"Sprekeler, Henning"
Theorie elektromagnetischer Felder und Wellen,6,34321600 FG Theoretische Elektrotechnik,de,"Schuhmann, Rolf"
Theorie und Anwendungen der Mess- und Diagnosetechnik,6,34311600 FG Elektronische Mess- und Diagnosetechnik,de,"Gühmann, Clemens"
The Software Horror Picture Show,3,34351900 FG Modelle und Theorie Verteilter Systeme (MTV),de,"Nestmann, Uwe"
Topics in Biomedical Data Science,3,"34352700 FG S-Professur Unsicherheit, inverse Modellierung und maschinelles Lernen (UNIML)",en,"Haufe, Stefan"
Tracking Methoden im Maschinellen Sehen,3,34342000 FG Robotic Interactive Perception,de,"Gallego, Guillermo"
Types and Programming Languages,6,34353200 FG Programmiersprachen,en,"Steuwer, Michel"
Umweltgerechtes Design elektronischer Systeme,6,34325000 FG Werkstoffe der hetero-Systemintegration,de,"Schneider-Ramelow, Martin"
Umweltgerechtes Design elektronischer Systeme (Theorie),3,34325000 FG Werkstoffe der hetero-Systemintegration,de,"Schneider-Ramelow, Martin"
Uncertainty in Machine Learning,3,"34352700 FG S-Professur Unsicherheit, inverse Modellierung und maschinelles Lernen (UNIML)",en,"Haufe, Stefan"
Usability Engineering,6,34355300 FG S-Professur Quality and Usability,de,"Möller, Sebastian"
Usability Engineering in Information and Communication Technologies,6,34355300 FG S-Professur Quality and Usability,de,"Möller, Sebastian"
Usability Engineering in Information and Communication Technologies,6,34355300 FG S-Professur Quality and Usability,de,"Möller, Sebastian"
Vehicular Networking and Cooperative Driving,6,34331200 FG Telekommunikationsnetze,en,"Dressler, Falko"
Verkehrssicherheit und Beleuchtung,6,34311500 FG Lichttechnik,de,"Völker, Stephan"
Verteilte Systeme,6, 34331500 FG Distributed and Operating Systems (DOS),de,"Kao, Odej"
Vertiefende Themen in HCI,6,34353300 FG Mensch-Computer-Interaktion (HCI),de,"George, Ceenu"
Vertiefung Photovoltaik,6,34321800 FG Perowskit-Solarzellen,de,"Albrecht, Steve"
Vertiefung Photovoltaik intensiv,9,34321800 FG Perowskit-Solarzellen,de,"Albrecht, Steve"
VS - View Synthesis,3,34341600 FG Computer Vision and Remote Sensing,en,"Hellwich, Olaf"
Wahlmodul Beleuchtungstechnik,6,34311500 FG Lichttechnik,de,"Völker, Stephan"
Wahrnehmung und Handeln,6,34351300 FG Neuronale Informationsverarbeitung,en,"Obermayer, Klaus"
Websecurity,6,34355100 FG S-Professur Security in Telecommunications (SecT),de,"Seifert, Jean-Pierre"
Webtechnologien,6,34335700 FG S-Professur Service Centric Networking (SNET),de,"Küpper, Axel"
Wettbewerbsrecht,6,34355300 FG S-Professur Quality and Usability,de,"Möller, Sebastian"
Wind Power Generation,6,34311100 FG Elektrische Antriebstechnik (EA),de,"Schäfer, Uwe"
Wireless Communications Lab,6,34331600 FG Theoretische Grundlagen der Kommunikationstechnik,en,"Kortke, Andreas"
Wireless Communications Lab,6,34331600 FG Theoretische Grundlagen der Kommunikationstechnik,en,"Kortke, Andreas"
Wireless Communication Systems,6,34331600 FG Theoretische Grundlagen der Kommunikationstechnik,en,"Caire, Giuseppe"
Wireless Networking Technologies,6,34331200 FG Telekommunikationsnetze,en,"Dressler, Falko"
Wissenschaftliches Arbeiten in der Elektrotechnik. Eine Einführung.,3,34311300 FG Hochspannungstechnik,de,"Plath, Ronald"
Wissenschaftliches Arbeiten in der Medieninformatik,5,34355300 FG S-Professur Quality and Usability,de,"Möller, Sebastian"
Wissenschaftliches Rechnen,6,34341300 FG Computer Graphics,de,"Alexa, Marc"
World of Proofcraft,6,34351900 FG Modelle und Theorie Verteilter Systeme (MTV),de,"Nestmann, Uwe"
Zeitdiskrete Regelsysteme,6,34311800 FG Regelungssysteme (Control Systems),de,"Schauer, Thomas"
Zeitdiskrete Regelsysteme,6,34311800 FG Regelungssysteme (Control Systems),de,"Schauer, Thomas"
Zuverlässigkeit integrierter Elektroniksysteme,3,34325000 FG Werkstoffe der hetero-Systemintegration,de,"Schneider-Ramelow, Martin"
